{
  "SHAP_CD_Ratio": {
    "centres": [
      -0.8521597713232041,
      -0.5330978631973267,
      0.5686925053596497
    ],
    "width": 0.4525007250582337,
    "obs_range": [
      -1.5878900289535522,
      2.068678379058838
    ],
    "width_multiplier": 0.75
  },
  "SHAP_Base_Rate": {
    "centres": [
      -0.3831069841980934,
      -0.20709691196680063,
      0.44524964094161973
    ],
    "width": 0.26380784240118255,
    "obs_range": [
      -0.7015390396118164,
      0.7406570911407471
    ],
    "width_multiplier": 0.75
  },
  "SHAP_Interest_Spread": {
    "centres": [
      -0.11299995929002761,
      -0.01400386635214085,
      0.4548609986901282
    ],
    "width": 0.24112991846291115,
    "obs_range": [
      -0.7452115416526794,
      0.7647241353988647
    ],
    "width_multiplier": 1.0
  },
  "SHAP_CAR": {
    "centres": [
      -0.22718569263815877,
      -0.0268610697239637,
      0.08778282701969135
    ],
    "width": 0.16718074291817947,
    "obs_range": [
      -0.3147473037242889,
      0.4780130684375763
    ],
    "width_multiplier": 1.25
  },
  "GP_mu": {
    "centres": [
      -0.0037024347522781327,
      0.1936106785669767,
      0.47507452048136006
    ],
    "width": 0.15247673733555356,
    "obs_range": [
      -0.4906143333562051,
      1.001000638247675
    ],
    "width_multiplier": 0.75
  },
  "GP_confidence": {
    "centres": [
      9.461441979491813,
      14.274617762638474,
      24.637846013939313
    ],
    "width": 4.833249692499204,
    "obs_range": [
      4.132245953038509,
      33.3116657184194
    ],
    "width_multiplier": 0.75
  }
}