{
  "n_rows_pooled": 80,
  "class_balance": {
    "n_positive": 25,
    "n_negative": 55,
    "positive_rate": 0.3125
  },
  "classification": {
    "point": {
      "accuracy": 0.6625,
      "f1": 0.22857142857142856,
      "precision": 0.4,
      "recall": 0.16,
      "roc_auc": 0.49963636363636366,
      "pr_auc": 0.37392785813148566,
      "brier": 0.26695968767461575,
      "ece": 0.24151771608156453
    },
    "ci_95": {
      "accuracy": {
        "point": 0.6625,
        "lower": 0.5875,
        "upper": 0.7375
      },
      "f1": {
        "point": 0.22857142857142856,
        "lower": 0.058823529411764705,
        "upper": 0.41025641025641024
      },
      "precision": {
        "point": 0.4,
        "lower": 0.1111111111111111,
        "upper": 0.7
      },
      "recall": {
        "point": 0.16,
        "lower": 0.04,
        "upper": 0.32
      },
      "roc_auc": {
        "point": 0.49963636363636366,
        "lower": 0.3643636363636364,
        "upper": 0.64
      },
      "pr_auc": {
        "point": 0.37392785813148566,
        "lower": 0.277468436624559,
        "upper": 0.5317044436699627
      },
      "brier": {
        "point": 0.26695968767461575,
        "lower": 0.22153664369857,
        "upper": 0.31074076248826776
      },
      "ece": {
        "point": 0.24151771608156453,
        "lower": 0.1409672606034171,
        "upper": 0.3167512801999784
      }
    }
  },
  "regression": {
    "rmse": {
      "point": 0.9551652305169915,
      "lower": 0.6857037830320444,
      "upper": 1.205799205180679
    },
    "mae": {
      "point": 0.6369303765940116,
      "lower": 0.49039893000347035,
      "upper": 0.8055956007765982
    },
    "r2": {
      "point": -0.15781013283589895,
      "lower": -0.3675942807595237,
      "upper": -0.02332079261870913
    }
  }
}