{
  "n_rows_pooled_raw": 80,
  "n_rows_pooled_isotonic": 80,
  "class_balance": {
    "n_positive": 25,
    "n_negative": 55,
    "positive_rate": 0.3125
  },
  "raw_xgboost": {
    "point": {
      "accuracy": 0.65,
      "f1": 0.44,
      "precision": 0.44,
      "recall": 0.44,
      "roc_auc": 0.6047272727272728,
      "pr_auc": 0.4276741763908874,
      "brier": 0.23687071575272128,
      "ece": 0.15189616405405104
    },
    "ci_95": {
      "accuracy": {
        "point": 0.65,
        "lower": 0.55,
        "upper": 0.7378124999999983
      },
      "f1": {
        "point": 0.44,
        "lower": 0.2692307692307692,
        "upper": 0.5882352941176471
      },
      "precision": {
        "point": 0.44,
        "lower": 0.28125,
        "upper": 0.6001785714285705
      },
      "recall": {
        "point": 0.44,
        "lower": 0.24,
        "upper": 0.64
      },
      "roc_auc": {
        "point": 0.6047272727272728,
        "lower": 0.4647090909090909,
        "upper": 0.7425636363636362
      },
      "pr_auc": {
        "point": 0.4276741763908874,
        "lower": 0.3273277089948396,
        "upper": 0.6217906640315777
      },
      "brier": {
        "point": 0.23687071575272128,
        "lower": 0.19210463048899762,
        "upper": 0.2849282530744425
      },
      "ece": {
        "point": 0.15189616405405104,
        "lower": 0.10388735862448811,
        "upper": 0.25139633887447416
      }
    }
  },
  "isotonic_xgboost": {
    "point": {
      "accuracy": 0.625,
      "f1": 0.3181818181818182,
      "precision": 0.3684210526315789,
      "recall": 0.28,
      "roc_auc": 0.6298181818181818,
      "pr_auc": 0.40786048026596583,
      "brier": 0.2356920747585305,
      "ece": 0.17247115653008224
    },
    "ci_95": {
      "accuracy": {
        "point": 0.625,
        "lower": 0.525,
        "upper": 0.7125
      },
      "f1": {
        "point": 0.3181818181818182,
        "lower": 0.14277408637873754,
        "upper": 0.4888888888888889
      },
      "precision": {
        "point": 0.3684210526315789,
        "lower": 0.1764066496163683,
        "upper": 0.5714285714285714
      },
      "recall": {
        "point": 0.28,
        "lower": 0.12,
        "upper": 0.48
      },
      "roc_auc": {
        "point": 0.6298181818181818,
        "lower": 0.4985363636363636,
        "upper": 0.7520090909090908
      },
      "pr_auc": {
        "point": 0.40786048026596583,
        "lower": 0.3336923837529438,
        "upper": 0.5555533962594658
      },
      "brier": {
        "point": 0.2356920747585305,
        "lower": 0.19649969795514918,
        "upper": 0.28550186769691077
      },
      "ece": {
        "point": 0.17247115653008224,
        "lower": 0.06982421279884875,
        "upper": 0.2799514984712003
      }
    }
  }
}